{
  "num_evaluations" : 0,
  "truth" : [ 27.0, 19.0, 46.0, 144.0, 73.0, 20.0, 19.0, 92.0, 93.0, 29.0, 71.0, 146.0, 23.0, 52.0, 142.0, 17.0, 158.0, 17.0, 27.0, 17.0, 33.0, 14.0, 22.0, 35.0, 15.0, 45.0, 36.0, 26.0, 13.0, 140.0, 12.0, 28.0, 14.0, 46.0, 38.0, 11.0, 26.0, 100.0, 12.0, 114.0, 11.0, 10.0, 215.0, 99.0, 8.0, 9.0, 35.0, 215.0, 46.0, 11.0, 125.0, 55.0, 30.0, 75.0, 48.0, 78.0, 34.0, 32.0, 33.0, 83.0, 74.0, 44.0, 33.0, 50.0, 85.0, 43.0, 31.0, 30.0, 76.0, 47.0, 114.0, 28.0, 45.0, 42.0, 84.0, 26.0, 36.0, 123.0, 23.0, 22.0, 121.0, 57.0, 25.0, 43.0, 135.0, 22.0, 91.0, 21.0, 19.0, 107.0, 26.0, 125.0, 140.0, 18.0, 112.0, 43.0, 20.0, 16.0, 16.0, 30.0, 75.0, 18.0, 51.0, 15.0, 17.0, 89.0, 30.0, 16.0, 62.0, 13.0, 113.0, 38.0, 65.0, 33.0, 11.0, 17.0, 156.0, 17.0, 189.0, 115.0, 32.0, 9.0, 10.0, 134.0, 192.0, 8.0, 37.0, 148.0, 15.0, 8.0, 7.0, 237.0, 233.0, 7.0, 201.0, 29.0, 12.0, 14.0, 128.0, 173.0, 114.0, 14.0, 64.0, 131.0, 9.0, 100.0, 14.0, 41.0, 176.0, 10.0, 41.0, 9.0, 32.0, 66.0, 131.0, 10.0, 48.0, 193.0, 23.0, 33.0, 46.0, 64.0, 51.0, 69.0, 68.0, 58.0, 52.0, 61.0, 46.0, 47.0, 73.0, 67.0, 73.0, 43.0, 80.0, 80.0, 86.0, 71.0, 88.0, 51.0, 91.0, 55.0, 75.0, 37.0, 50.0, 36.0, 37.0, 54.0, 37.0, 34.0, 72.0, 43.0, 33.0, 35.0, 53.0, 91.0, 41.0, 31.0, 51.0, 51.0, 30.0, 92.0, 41.0, 28.0, 29.0, 90.0, 45.0, 43.0, 83.0, 126.0, 27.0, 35.0, 106.0, 52.0, 117.0, 64.0, 27.0, 41.0, 140.0, 21.0, 42.0, 79.0, 19.0, 19.0, 71.0, 36.0, 146.0, 52.0, 17.0, 76.0, 28.0, 16.0, 28.0, 77.0, 86.0, 102.0, 14.0, 179.0, 12.0, 136.0, 20.0, 19.0, 24.0, 152.0, 46.0, 14.0, 133.0, 16.0, 13.0, 9.0, 41.0, 76.0, 117.0, 90.0, 50.0, 120.0, 128.0, 129.0, 114.0, 72.0, 164.0, 14.0, 17.0, 107.0, 25.0, 20.0, 169.0, 25.0, 57.0, 8.0, 6.0, 6.0, 56.0, 71.0, 68.0, 48.0, 76.0, 46.0, 46.0, 42.0, 40.0, 76.0, 53.0, 43.0, 42.0, 88.0, 22.0, 84.0, 36.0, 141.0, 99.0, 24.0, 20.0, 148.0, 27.0, 132.0, 163.0, 15.0 ],
  "selected_solution" : "weka.classifiers.trees.RandomForest{B=false,depth=0,depthActivator=0,V=0.001,I=10.0,K=0.0,featuresActivator=0,M=1,N=0}",
  "final_candidate_predict_time_ms" : 42,
  "model_evaluation_stats" : { },
  "predictions" : [ 27.118977182732998, 18.09558074460762, 46.380857627666444, 143.91316666666668, 75.9447380952381, 19.789732615609935, 18.562518350113937, 88.84346428571429, 91.93252380952381, 27.08210206460207, 72.27026334776333, 141.023746031746, 21.972349007025773, 51.74553804528805, 135.73433333333332, 17.74662134289822, 157.68640079365082, 16.064306736950694, 27.49210006660007, 15.857820663263464, 31.857950105450115, 15.543544987643358, 22.0989142138989, 35.70886166611169, 16.159612714888276, 44.231865537240544, 36.94743309468311, 25.52533488311019, 13.751896095728602, 138.3510252525252, 12.923977251629804, 26.77479356770045, 14.66586329684883, 48.290600649350665, 35.95563034188034, 10.625619561838578, 30.785188200688204, 88.74949999999998, 13.050189360519704, 130.99266666666665, 11.166033777963637, 15.03100631952439, 205.31573809523806, 80.33397222222223, 7.4446972720331495, 20.697757575757578, 54.31766666666667, 158.97033333333331, 35.264187478500176, 19.929105194805196, 55.749833333333335, 46.66833787878788, 32.249131529581526, 73.88930158730159, 53.04073809523809, 78.79873901098901, 35.08354494688318, 33.15090751865093, 34.28798767082591, 82.0707628205128, 74.21342320620556, 45.346015040515056, 32.33485898905017, 49.755285682454804, 85.39869139194136, 42.83588185425683, 31.05043530162649, 31.498653555594732, 77.2252797757798, 47.62586446804829, 114.46067640692641, 28.178797161988328, 47.15976273644657, 44.205492784992785, 76.23649603174601, 27.396961907975072, 37.23276101676103, 124.4627619047619, 23.44003189062399, 21.961599564337266, 123.82916666666668, 57.22450396825397, 25.071348457098455, 41.81630695611579, 139.65830952380952, 20.25759391915274, 91.14952380952381, 21.60936866256578, 21.919267779606006, 109.5900079365079, 24.98504845154845, 126.07505555555555, 148.8444166666667, 17.77001217428905, 114.0582698412698, 45.5471262903763, 21.502434260953127, 17.26849888222373, 16.72380088129703, 32.09484734220028, 74.2689126984127, 19.986791541634037, 48.023355505605515, 15.001332806913931, 16.203728782921583, 92.87683333333334, 32.977306549659495, 17.0130365175928, 60.696428571428584, 14.858425138538221, 110.58163492063491, 37.23109976134978, 64.45783333333334, 34.21161166611168, 11.726407844356435, 19.44284194387484, 146.68929365079364, 19.50144884004847, 180.4445119047619, 115.61916666666666, 31.17653821677119, 10.649586136930152, 11.640601048927968, 130.54766666666666, 190.60242857142856, 8.076345637016752, 38.223702380952375, 151.84199999999998, 18.964419153945467, 9.163729297373713, 8.845744257186105, 221.77783333333338, 68.23227380952382, 11.002144633542532, 201.21940476190474, 20.858081529581536, 12.315846679413402, 8.751268704342714, 125.0110476190476, 173.46983333333333, 121.84966666666665, 11.761941092160116, 59.89983333333333, 136.55469191919192, 10.856647597929307, 96.18211904761904, 13.402656439519337, 39.85666666666666, 172.0480952380952, 9.356614167137531, 44.23803266178266, 8.729834291644545, 30.434568232492133, 69.34949999999999, 135.83732683982683, 12.348447049711606, 43.75309523809524, 191.13623809523807, 14.360242424242426, 28.386612484737487, 52.73887034632035, 45.64292510632642, 49.26420745267806, 73.35775000000001, 65.42863492063493, 57.42036507936509, 49.3354721046927, 65.08147222222222, 46.08887361984421, 47.0164484126984, 73.79031746031747, 72.74104195804196, 70.23597619047621, 43.13979758330763, 78.46201190476191, 78.05081576756578, 77.67633694083693, 68.61262698412698, 86.7190909090909, 50.6134460090563, 91.27693686868685, 55.789769841269866, 75.03416666666664, 37.345325396825395, 47.22500061050062, 35.15050088361931, 37.36487512487513, 51.55872775508805, 36.533708727546966, 33.11235511710512, 73.41835935339172, 43.1848178210678, 32.030822927072926, 33.865682221373405, 51.03702394500924, 87.47108424908423, 42.10241251803749, 30.953752337531746, 52.240348497907334, 49.51769441261354, 29.7504514243926, 90.59014810189811, 41.426218975468956, 26.80471094017121, 28.24028191253191, 88.04299730824731, 43.523256526969774, 43.30486724386723, 76.00244841269839, 121.34933333333336, 27.120950109387177, 33.99011355311356, 102.85924603174601, 49.21074314574314, 113.46375, 63.57617857142857, 24.292845931845928, 44.07829052809936, 139.3224206349206, 20.275617041455277, 42.24211360861361, 80.66078174603176, 17.351376311983508, 21.48909361743547, 71.93098412698411, 37.8847131202131, 141.19603571428573, 51.613261183261194, 16.84698691090882, 77.1672702020202, 29.77936280446421, 17.115109700874424, 28.093633866133864, 77.42054761904762, 88.51714285714286, 102.87266666666665, 13.016132113823346, 171.03619047619046, 11.942009724230367, 139.92907142857143, 24.2397028303467, 18.688104308934587, 21.348588480963475, 143.30121428571425, 49.03746933621934, 14.528014426743988, 129.5962157287157, 16.000970744262617, 14.002719771813794, 10.852658919321357, 20.50345127333394, 74.35089506767743, 120.18221428571432, 90.42811111111112, 48.177624098124085, 120.919, 133.48416666666665, 128.29653968253973, 110.20590476190476, 71.37059668109667, 168.70872619047614, 14.224222551952113, 16.007031350323224, 118.17321428571428, 24.508476190476195, 20.62976257879547, 168.93783333333337, 26.530520249855282, 58.737871878121865, 8.148806532373548, 6.342384410739477, 6.379680198285265, 64.62057660081577, 72.54008333333334, 66.72936363636364, 48.449014847725365, 80.57190775890774, 46.15536407383467, 46.14039743589743, 40.30098143523142, 39.52830519480519, 74.44362522640758, 52.38033364919395, 42.78251226551225, 43.63497904872904, 81.5429603174603, 22.27981590688866, 83.92959523809525, 38.46269290431789, 138.70946825396825, 99.3130238095238, 24.880224781309686, 18.705455869294102, 152.08334523809526, 30.311700106051507, 127.90573953823952, 157.02929761904758, 16.048944532709257 ]
}