{
  "truth" : [ 23.0, 129.0, 46.0, 144.0, 73.0, 19.0, 117.0, 100.0, 158.0, 72.0, 118.0, 17.0, 33.0, 95.0, 16.0, 137.0, 50.0, 106.0, 169.0, 15.0, 60.0, 163.0, 17.0, 21.0, 68.0, 132.0, 30.0, 114.0, 10.0, 8.0, 215.0, 11.0, 5.0, 55.0, 28.0, 71.0, 48.0, 35.0, 49.0, 78.0, 96.0, 75.0, 99.0, 46.0, 103.0, 74.0, 87.0, 109.0, 29.0, 30.0, 76.0, 30.0, 88.0, 79.0, 45.0, 84.0, 85.0, 25.0, 39.0, 80.0, 121.0, 24.0, 76.0, 96.0, 35.0, 72.0, 31.0, 121.0, 117.0, 59.0, 25.0, 20.0, 34.0, 38.0, 19.0, 73.0, 44.0, 59.0, 68.0, 88.0, 34.0, 16.0, 23.0, 16.0, 19.0, 104.0, 30.0, 40.0, 18.0, 15.0, 32.0, 30.0, 24.0, 165.0, 13.0, 38.0, 118.0, 12.0, 16.0, 12.0, 107.0, 182.0, 81.0, 17.0, 17.0, 23.0, 115.0, 32.0, 13.0, 12.0, 30.0, 197.0, 23.0, 10.0, 8.0, 195.0, 132.0, 220.0, 6.0, 7.0, 66.0, 237.0, 25.0, 9.0, 165.0, 12.0, 29.0, 12.0, 169.0, 14.0, 122.0, 21.0, 14.0, 41.0, 176.0, 10.0, 149.0, 41.0, 7.0, 17.0, 7.0, 193.0, 6.0, 16.0, 86.0, 255.0, 19.0, 3.0, 8.0, 33.0, 46.0, 51.0, 61.0, 53.0, 72.0, 68.0, 56.0, 67.0, 54.0, 46.0, 67.0, 66.0, 55.0, 66.0, 51.0, 58.0, 78.0, 63.0, 47.0, 80.0, 50.0, 86.0, 71.0, 79.0, 78.0, 75.0, 94.0, 95.0, 52.0, 97.0, 50.0, 54.0, 37.0, 54.0, 103.0, 72.0, 53.0, 73.0, 91.0, 105.0, 31.0, 30.0, 111.0, 74.0, 29.0, 51.0, 28.0, 29.0, 120.0, 82.0, 29.0, 43.0, 27.0, 83.0, 126.0, 27.0, 26.0, 38.0, 127.0, 99.0, 27.0, 65.0, 22.0, 28.0, 126.0, 64.0, 107.0, 32.0, 140.0, 21.0, 117.0, 122.0, 62.0, 26.0, 79.0, 32.0, 100.0, 25.0, 140.0, 17.0, 71.0, 52.0, 76.0, 16.0, 28.0, 20.0, 15.0, 30.0, 13.0, 21.0, 87.0, 12.0, 13.0, 138.0, 19.0, 20.0, 133.0, 18.0, 21.0, 10.0, 9.0, 19.0, 41.0, 76.0, 47.0, 147.0, 58.0, 164.0, 17.0, 14.0, 13.0, 107.0, 16.0, 10.0, 7.0, 20.0, 11.0, 56.0, 6.0, 39.0, 6.0, 2.0, 71.0, 58.0, 53.0, 65.0, 74.0, 65.0, 44.0, 76.0, 47.0, 88.0, 43.0, 75.0, 45.0, 78.0, 72.0, 56.0, 22.0, 36.0, 35.0, 20.0, 62.0, 132.0, 154.0, 57.0, 15.0, 23.0 ],
  "selected_solution" : "weka.classifiers.trees.RandomForest(B=false, depth=0.0, depthActivator=0, V=0.001, I=10.0, K=0.0, featuresActivator=0, M=1, N=0)",
  "predictions" : [ 25.146474843944038, 128.66546428571422, 46.75284126984128, 138.6473333333333, 75.86907142857143, 20.853355162065835, 112.67240981240984, 101.41233333333334, 156.0970119047619, 72.23435714285716, 113.55774314574315, 15.590840520922693, 31.56437944000444, 96.89350000000002, 17.75046689833114, 132.37285064935062, 53.06186706349205, 106.11710606060609, 166.55900000000003, 16.79210646098192, 62.237769841269845, 159.32917857142857, 17.801665317955806, 24.109308590102707, 60.90839610389611, 123.52929329004328, 37.44103571428572, 135.4472857142857, 15.559627125011666, 9.152684287008672, 154.56376190476192, 21.643830891330893, 7.895320513020977, 72.82577777777779, 10.161692590882424, 40.731894417287215, 54.8485472860473, 34.37186438063141, 49.855972186095634, 79.25604653679652, 95.52332936507938, 76.72359262959263, 97.7116626984127, 43.84744391300658, 101.4209642857143, 76.85457076257076, 85.93485497835498, 104.69004761904762, 30.097177978883852, 31.672511132572275, 78.90709890109889, 29.811447003890507, 87.02474783549783, 79.7120989010989, 46.71068446319763, 78.80411976911978, 86.63949175824175, 23.78437441750716, 37.25764270859859, 82.27366738816738, 119.80723015873018, 23.67814029052304, 77.21322799422799, 93.46632142857143, 31.879241870874225, 69.40488095238095, 30.912162117294475, 124.49682936507935, 115.54577777777777, 65.72008333333333, 25.491951037524583, 23.709866475042173, 40.03061783781832, 40.77539142033838, 19.981394900231454, 70.17016666666667, 46.73052244977245, 55.51703571428572, 73.33580952380952, 93.51921428571428, 37.17918078222685, 17.89249592339131, 22.41763107725608, 17.446792062222038, 17.196415878848743, 101.85418253968255, 31.327327922077906, 42.34581463378904, 19.162287451711983, 16.308448701318124, 31.608181637806634, 32.52349925074924, 23.482606014900135, 171.03394444444447, 13.036127177626845, 36.85898509578657, 115.80917063492065, 12.68427561773328, 17.448016050718138, 12.147263252337478, 100.75761904761903, 176.96708333333333, 80.95867316017315, 18.90137222390899, 19.735863888338034, 23.354312558356675, 111.87480266955268, 30.951774583302846, 15.951291231644172, 12.02136156772679, 33.25992178409827, 200.64, 23.846780124015417, 9.589065734079378, 9.152684287008672, 193.89983333333333, 147.7162857142857, 206.5858333333333, 7.533204570640994, 10.05525174734434, 72.32833333333333, 208.39266666666666, 37.75495238095239, 12.205747929177805, 69.3, 21.972047619047622, 32.805444444444454, 12.874571698030216, 192.0475, 17.299389194201577, 125.04855952380949, 22.59449250885281, 14.013970044579953, 40.27279761904762, 181.7586666666667, 10.418819266652186, 142.6981720779221, 41.8237783882784, 8.726447700782638, 15.899103174603177, 8.45448604862294, 202.47100000000003, 9.428044349496702, 33.9275, 72.48666666666666, 189.35775, 33.432388888888894, 9.99975, 15.939835678210677, 30.722595238095238, 48.895558205683216, 50.866849400599385, 65.43133333333331, 51.20374622599621, 72.35095634920636, 64.35174891774892, 54.903576118326136, 69.41710353535353, 54.833576118326135, 46.68007641623081, 70.99540873015873, 63.28986796536797, 54.33805230880228, 62.687701298701306, 52.95752056277059, 53.86193742368741, 73.58636111111113, 60.217911255411266, 48.27071798523114, 78.98639682539684, 47.78938339988186, 75.77819444444445, 67.20110317460316, 79.73512293262291, 80.12309515484515, 76.02283333333332, 90.03373845598844, 91.01707178932178, 53.021340456713915, 95.39894841269839, 47.25552554308437, 53.15134045671392, 36.06431660006658, 52.413004681378126, 100.5249761904762, 72.86431066156065, 52.7228589521074, 72.87097732822731, 87.20001082251083, 104.18257142857145, 32.62298268398267, 31.72921969696969, 109.14930952380952, 72.26604478854478, 30.092988095238084, 49.72713291425635, 26.794094178697115, 28.253369798502163, 118.20294444444447, 81.52968223443223, 26.988007829803493, 42.265462198416515, 26.621108423654093, 78.06839466089467, 121.38965079365079, 26.700448199564462, 23.12784666803785, 37.23053129223716, 121.26224603174606, 93.10015476190476, 26.47915590873695, 63.60432142857144, 24.27369356461926, 26.90950911833266, 117.637, 66.85978571428572, 100.39991414141414, 35.50823703398164, 138.22466666666668, 19.396403424387046, 121.54736255411257, 118.78372619047617, 60.15997619047619, 27.367014066343003, 81.19841125541124, 32.393780050867, 99.10721428571429, 26.814406694612572, 134.48995238095236, 17.54903927879975, 73.63239826839826, 51.22401190476191, 79.10479220779219, 17.366301752626985, 28.85879105616606, 20.003006420050536, 16.995944742874716, 30.03551724664224, 13.370987690273191, 21.540436953297245, 89.19257142857143, 12.831365656733974, 12.435875303696657, 135.44167857142858, 18.52082411171485, 20.23466707501266, 128.94625468975465, 19.275048634973167, 22.487361143486147, 10.406989834388543, 11.490061423779014, 18.66778968253968, 11.730641780547243, 76.59928504828504, 46.339158730158736, 145.42340476190478, 58.12228769841271, 167.81204761904763, 16.08578826714817, 16.710005110712412, 15.200113308569655, 111.57995238095236, 21.214571701982223, 15.001538908976466, 7.143657680239723, 21.636330436504974, 10.370375780565976, 53.18843181818182, 7.515994986738406, 48.46449999999999, 7.0920195223449864, 30.165527777777775, 70.13674206349206, 55.98447619047621, 53.5345366300366, 69.64440873015873, 70.8790634920635, 61.5841176046176, 44.306547722702135, 74.69454501054501, 45.09646844403112, 86.8258441558442, 41.938019120643204, 75.82217032967033, 44.02484860939117, 76.75288383838384, 72.91221717171717, 54.33841269841271, 24.53556266043573, 40.3939881357145, 34.167476802609166, 19.743163508784487, 60.39511111111112, 129.50926587301583, 153.0129722222222, 58.85028625541125, 17.304667812355195, 26.260289682539682 ]
}